{"Harlem, New York": [40.8078786, -73.9454154], "Chattanooga, Tennessee": [35.0457219, -85.3094883], "Oakland, California": [37.8044557, -122.271356], "Stone Mountain, Georgia": [33.8062166, -84.1457505], "Brooklyn, New York": [40.6526006, -73.9497211], "Lexington, Kentucky": [38.0464066, -84.4970393], "Gaithersburg, Maryland": [39.1399187, -77.1929215], "Queens, New York": [40.6515585, -73.79267536317502], "Houston, Texas": [29.7589382, -95.3676974], "Pittsburgh, Pennsylvania": [40.4416941, -79.9900861], "New Orleans, Louisiana": [29.9759983, -90.0782127], "Compton, California": [33.894927, -118.226624], "Detroit, Michigan": [42.3315509, -83.0466403], "Virginia Beach, Virginia": [36.8496579, -75.9760751], "Gladwin, Michigan": [43.9747774, -84.3873235], "Atlanta, Georgia": [33.7489924, -84.3902644], "Baltimore, Maryland": [39.2908816, -76.610759], "Chicago, Illinois": [41.8755616, -87.6244212], "Toronto, Ontario, Canada": [43.6534817, -79.3839347], "Fayetteville, North Carolina": [35.0525759, -78.878292], "Los Angeles, California": [34.0536909, -118.242766], "Charlotte, North Carolina": [35.2272086, -80.8430827]}